{
    "accuracy": 0.43660714285714286,
    "loss": 2.116232991218567
}