{
    "accuracy": 0.46964285714285714,
    "loss": 1.5242016315460205
}