{
    "accuracy": 0.41250000000000003,
    "loss": 1.6167734520775932
}