{
    "accuracy": 0.24519230769230768,
    "loss": 1.8399484498160226
}