{
    "accuracy": 0.43660714285714286,
    "loss": 2.1750542436327254
}