{
    "accuracy": 0.3794642857142857,
    "loss": 2.447867052895682
}